"Year","Product","01 Agriculture and hunting","02 Forestry","03 Fishing","05_09 Mining and quarrying","10_12 Food industry, etc.","13_15 Textile, clothing and  leather industries","16 Woodworking industry","17 Paper industry","18 Printing","19 Manufacture of coke and refined petroleum products","20 Manufacture of chemicals and chemical products","21 Pharmaceutical industry","22 Manufacture of rubber and plastic products","23 Manufacture of other non-metallic mineral products","24 Manufacture of basic metals","25 Manufacture of fabricated metal products","26 Electronics industry","27 Manufacture of electrical equipment","28 Manufacture of machinery and equipment n.e.c.","29 Manufacture of motor vehicles, etc.","30 Manufacture of other transport equipment","31_32 Manufacture of furniture and other products","33 Repair and installation of machinery and equipment","35 Electricity, gas, steam and air conditioning supply","36 Water collection, treatment and supply","37_39 Sewerage and waste management","41_43 Construction","45 Trade and repair of motor vehicles, etc.","46 Wholesale trade (excl. motor vehicles, etc.)","47 Retail trade (excl. motor vehicles, etc.)","49 Land transport","50 Water transport","51 Air transport","52 Warehousing and support activities for transportation","53 Postal and courier activities","55_56 Accommodation and food service activities","58 Publishing activities","59_60 Audio-visual activities","61 Telecommunications","62_63 Computer and information service activities","64 Financial activities","65 Insurance activities","66 Activities auxiliary to financial and insurance activities","68 Real estate activities","68A Operation of dwellings and residential real estate","69_70 Business management activities","71 Architectural and engineering activities, etc.","72 Scientific research and development","73 Advertising and market research","74_75 Other business activities and veterinary activities","77 Rental and leasing activities","78 Employment activities","79 Travel agencies, etc.","80_82 Other support services","84 Public administration and social security","85 Education","86 Human health activities","87_88 Social work activities","90_92 Cultural activities and gambling","93 Sport, amusement and recreation activities","94 Activities of membership organisations","95 Repair of household goods","96 Other personal service activities","97_98 Household service activities","0 Industries total","P3/S14 Final consumption expenditure by households","P3/S15 Final consumption expenditure by non-profit organisations serving households (NPISH)","P3/S13 Final consumption expenditure by government","P3K Final consumption expenditure","P51 Gross fixed capital formation","P52 Changes in inventories","P5 Gross capital formation","P6K/S21 Exports intra EU fob","P6K/S2111 Exports intra EU, members of EMU fob","P6K/S2112 Exports intra EU, nonmembers of EMU fob","P6K/S22 Exports extra EU fob","P6K Exports of goods and services","FUSE_PH Final uses at basic prices","USE_PH Total use at basic prices"
"2015","01 Products of agriculture, hunting and related services",34.980000,0.001000,.,.,279.824000,.,.,.,.,.,0.179000,1.024000,37.104000,.,.,.,.,.,.,.,.,0.055000,0.089000,.,.,0.001000,0.065000,.,.,.,.,.,.,.,.,32.746000,.,.,.,.,.,.,.,.,.,.,.,.,.,0.000000,.,.,.,.,7.505000,3.969000,7.278000,1.740000,0.174000,0.257000,.,.,.,.,406.994000,594.778000,.,.,594.778000,8.131000,-1.776000,6.355000,30.054000,17.007000,13.048000,257.975000,288.030000,889.163000,1296.157000
"2015","02 Products of forestry, logging and related services",0.049000,3.096000,.,0.000000,0.000000,.,32.228000,220.247000,0.000000,.,.,.,.,0.001000,.,0.000000,.,.,0.000000,.,0.084000,.,.,0.597000,0.000000,0.000000,0.038000,.,.,.,.,.,.,.,.,.,.,.,.,.,.,.,.,0.040000,0.022000,.,.,.,.,0.000000,.,.,.,.,0.039000,0.028000,0.056000,0.013000,0.001000,0.001000,.,.,.,.,256.541000,1.921000,.,.,1.921000,0.540000,-2.895000,-2.355000,1.978000,1.620000,0.358000,11.417000,13.395000,12.961000,269.502000
"2015","03 Fish and other fishing products: aquaculture products: support services to fishing",0.142000,0.163000,1.493000,.,41.047000,.,.,.,.,.,.,.,.,.,.,.,.,.,.,.,.,.,.,0.565000,0.001000,0.097000,1.049000,0.136000,0.111000,0.001000,0.113000,0.201000,0.316000,2.396000,0.056000,65.326000,0.295000,0.044000,0.784000,2.223000,0.209000,0.976000,0.420000,2.771000,0.085000,0.995000,0.940000,0.155000,1.063000,0.488000,1.608000,0.082000,0.290000,1.218000,3.259000,2.013000,3.535000,1.201000,0.297000,0.565000,1.535000,0.003000,0.024000,.,140.292000,38.591000,.,.,38.591000,.,0.021000,0.021000,.,.,.,.,.,38.612000,178.904000
"2015","05_09 Mining and quarrying",0.385000,0.015000,.,38.363000,5.757000,0.438000,0.498000,138.833000,.,3526.690000,91.355000,0.024000,0.235000,26.595000,513.417000,2.795000,.,0.066000,0.204000,0.002000,0.016000,0.064000,0.024000,637.840000,0.104000,.,8.498000,.,.,.,.,.,.,0.000000,.,.,.,.,.,.,.,.,.,.,.,.,0.000000,0.000000,.,.,.,.,0.000000,0.008000,0.004000,0.006000,0.000000,0.000000,0.001000,.,.,.,.,.,4992.235000,.,.,.,.,.,100.503000,100.503000,.,.,.,.,.,100.503000,5092.738000
"2015","10_12 Food products, beverages and tobacco products",65.380000,2.743000,0.037000,0.010000,819.158000,0.770000,2.639000,62.701000,0.008000,0.003000,460.544000,1.146000,0.674000,0.112000,0.003000,0.018000,0.012000,0.012000,0.039000,.,0.003000,0.017000,1.982000,4.915000,0.057000,1.297000,15.177000,2.237000,1.602000,0.046000,1.525000,3.546000,2.382000,26.222000,0.798000,357.142000,4.200000,0.694000,10.960000,31.132000,3.490000,11.453000,6.686000,45.053000,1.503000,14.419000,12.877000,2.352000,14.927000,13.911000,21.123000,1.046000,3.085000,15.634000,40.764000,24.729000,41.431000,14.843000,4.021000,7.711000,26.018000,1.098000,5.613000,.,2215.726000,2166.037000,.,.,2166.037000,.,13.139000,13.139000,3.506000,1.164000,2.342000,3.435000,6.940000,2186.117000,4401.842000
"2015","13_15 Textiles, wearing apparel and leather products",0.395000,0.576000,0.000000,.,2.326000,293.327000,0.481000,10.477000,0.055000,0.005000,0.304000,5.082000,15.380000,16.131000,0.005000,0.584000,0.579000,1.305000,0.820000,.,6.895000,41.613000,0.020000,2.396000,0.023000,41.938000,27.079000,2.875000,20.245000,3.598000,0.458000,15.080000,0.785000,8.601000,0.166000,3.983000,3.555000,0.836000,1.912000,13.260000,4.143000,5.574000,5.486000,7.709000,0.283000,14.454000,29.646000,2.484000,7.062000,16.897000,10.795000,1.553000,1.029000,41.112000,23.122000,8.370000,58.575000,17.851000,1.039000,1.923000,5.272000,5.979000,10.088000,.,823.595000,1704.595000,.,.,1704.595000,.,-11.461000,-11.461000,8.772000,5.517000,3.255000,2.790000,11.562000,1704.696000,2528.291000
"2015","16 Wood and products of wood and cork, except furniture: articles of straw and plaiting materials",0.014000,0.017000,0.000000,.,0.777000,0.048000,100.234000,85.876000,0.153000,0.002000,0.337000,0.077000,0.179000,1.527000,1.357000,3.015000,0.021000,0.110000,0.143000,0.370000,0.385000,38.484000,0.080000,1.890000,0.003000,0.067000,222.512000,0.642000,1.939000,0.239000,0.283000,0.010000,0.070000,0.385000,0.029000,0.096000,0.083000,0.027000,0.124000,0.494000,0.091000,0.092000,0.039000,0.713000,0.009000,0.684000,0.245000,2.907000,0.167000,14.134000,0.241000,0.073000,0.047000,1.264000,0.268000,3.956000,0.278000,0.114000,0.089000,0.096000,0.741000,3.157000,11.643000,.,503.147000,7.240000,.,.,7.240000,.,-0.582000,-0.582000,.,.,.,.,.,6.657000,509.804000
"2015","17 Paper and paper products",0.636000,1.742000,0.001000,.,48.949000,0.996000,6.246000,462.354000,53.558000,.,2.574000,1.915000,5.589000,2.235000,0.597000,1.409000,0.315000,0.148000,1.537000,0.328000,.,1.853000,0.000000,2.760000,0.043000,4.588000,8.824000,9.932000,5.243000,3.253000,1.357000,0.722000,0.445000,6.180000,1.614000,1.575000,8.936000,7.868000,2.112000,11.131000,2.600000,2.809000,2.946000,8.057000,0.928000,11.867000,4.207000,1.297000,3.915000,4.158000,6.223000,1.109000,0.500000,25.702000,8.005000,6.812000,20.969000,5.336000,2.887000,3.133000,3.372000,0.237000,2.538000,.,799.173000,77.714000,.,.,77.714000,.,-2.968000,-2.968000,.,.,.,.,.,74.746000,873.919000
"2015","18 Printing and recording services",.,0.011000,.,.,0.007000,0.001000,0.003000,0.277000,15.916000,0.001000,0.004000,0.009000,0.559000,0.120000,0.001000,0.035000,0.005000,0.006000,0.066000,0.000000,0.070000,0.132000,0.003000,0.003000,.,0.010000,0.081000,0.071000,25.958000,16.361000,0.234000,0.001000,0.000000,0.225000,0.000000,0.002000,78.888000,15.755000,2.402000,6.227000,.,.,.,0.002000,.,1.599000,0.004000,0.244000,0.318000,0.017000,0.001000,0.001000,0.084000,0.002000,4.489000,3.679000,2.509000,1.518000,5.336000,3.256000,.,.,0.001000,.,186.499000,0.091000,.,.,0.091000,.,-1.034000,-1.034000,.,.,.,.,.,-0.943000,185.556000
"2015","19 Coke and refined petroleum products",30.208000,22.757000,1.436000,17.151000,2.462000,0.028000,1.970000,7.901000,1.858000,538.068000,38.112000,0.020000,2.496000,9.623000,93.716000,0.295000,1.087000,1.777000,1.878000,0.132000,2.888000,8.972000,0.981000,71.033000,0.464000,18.100000,51.678000,3.211000,3.189000,0.726000,163.900000,198.573000,334.200000,27.594000,2.185000,1.065000,0.315000,0.250000,0.168000,0.079000,8.491000,0.599000,1.887000,46.037000,36.826000,2.630000,1.693000,0.641000,0.113000,0.192000,2.323000,0.186000,0.668000,5.509000,31.536000,7.312000,7.993000,7.440000,3.026000,5.000000,4.288000,0.157000,2.779000,.,1839.873000,415.285000,.,.,415.285000,.,0.461000,0.461000,38.433000,35.827000,2.606000,37.732000,76.164000,491.910000,2331.783000
"2015","20 Chemicals and chemical products",242.866000,45.877000,0.004000,34.264000,129.279000,84.144000,93.675000,731.370000,24.168000,16.202000,2235.054000,39.405000,728.866000,69.898000,28.174000,23.609000,11.614000,58.262000,16.983000,7.629000,13.039000,11.824000,1.563000,159.261000,5.264000,67.606000,85.860000,5.884000,0.817000,0.008000,0.010000,0.005000,0.032000,36.325000,0.007000,0.435000,2.539000,4.807000,0.083000,1.912000,0.610000,0.378000,0.413000,0.675000,0.010000,1.507000,3.828000,0.157000,14.752000,0.633000,35.332000,0.111000,3.320000,12.350000,15.600000,4.947000,34.180000,8.148000,4.813000,8.374000,8.894000,0.520000,41.432000,.,5219.610000,450.046000,.,.,450.046000,.,7.195000,7.195000,148.492000,92.726000,55.766000,86.304000,234.797000,692.038000,5911.649000
"2015","21 Basic pharmaceutical products and pharmaceutical preparations",1.323000,.,.,.,3.374000,.,.,6.493000,.,.,66.057000,52.194000,.,.,0.146000,.,.,.,.,.,.,.,0.003000,.,.,.,.,.,.,.,.,0.000000,.,.,.,.,.,.,.,.,.,.,.,.,.,.,.,.,.,2.199000,.,.,.,.,20.935000,13.866000,681.265000,60.579000,.,.,.,.,.,.,908.432000,485.018000,.,645.416000,1130.434000,.,9.180000,9.180000,28.702000,14.127000,14.575000,71.442000,100.144000,1239.758000,2148.190000
"2015","22 Rubber and plastics products",0.292000,0.471000,0.001000,1.598000,118.734000,2.509000,24.694000,28.854000,17.142000,.,33.956000,20.530000,179.355000,23.592000,2.441000,20.371000,7.485000,31.563000,54.062000,14.531000,5.671000,34.393000,3.006000,6.508000,0.064000,2.927000,483.553000,0.822000,24.445000,7.662000,69.316000,0.058000,0.287000,18.175000,0.096000,0.388000,0.985000,0.838000,0.732000,2.008000,0.672000,2.073000,0.876000,4.351000,0.209000,0.922000,0.917000,0.220000,0.941000,0.477000,64.799000,0.093000,1.525000,2.440000,20.899000,4.389000,20.756000,2.359000,1.345000,2.134000,3.166000,2.355000,14.845000,.,1396.878000,182.353000,.,.,182.353000,.,3.066000,3.066000,56.208000,25.211000,30.997000,26.248000,82.456000,267.875000,1664.753000
"2015","23 Other non-metallic mineral products",1.376000,.,.,32.525000,6.522000,0.312000,12.496000,6.880000,0.015000,0.004000,12.188000,0.227000,6.282000,162.899000,75.959000,24.844000,3.471000,15.856000,7.483000,4.188000,5.398000,7.451000,0.768000,1.787000,0.029000,1.664000,199.980000,31.546000,0.456000,0.033000,0.048000,0.007000,0.005000,0.035000,0.016000,0.091000,0.453000,0.042000,0.015000,3.201000,0.691000,0.463000,0.714000,0.117000,.,2.623000,1.597000,0.237000,2.129000,2.646000,2.031000,0.191000,0.005000,2.731000,0.117000,0.363000,11.796000,0.129000,0.064000,0.098000,0.067000,0.360000,3.069000,.,658.786000,80.151000,.,.,80.151000,.,6.151000,6.151000,.,.,.,.,.,86.302000,745.089000
"2015","24 Basic metals",.,.,.,0.032000,.,2.149000,8.345000,16.810000,0.346000,.,4.886000,0.424000,27.942000,35.882000,1416.435000,722.531000,18.272000,202.979000,214.354000,32.533000,84.250000,41.542000,10.598000,0.833000,0.014000,3.510000,48.892000,.,.,0.033000,.,.,.,.,.,.,0.017000,0.027000,.,.,.,.,.,.,.,.,.,.,.,.,.,.,.,.,.,.,.,.,.,.,.,.,.,.,2893.637000,3.615000,.,.,3.615000,.,-8.263000,-8.263000,33.745000,27.237000,6.509000,99.001000,132.747000,128.098000,3021.735000
"2015","25 Fabricated metal products, except machinery and equipment",27.805000,0.101000,0.000000,1.671000,18.135000,0.504000,39.428000,5.445000,0.000000,.,9.880000,0.639000,21.859000,26.780000,22.183000,255.574000,13.897000,97.972000,327.380000,11.203000,46.740000,23.947000,21.029000,1.484000,0.019000,10.728000,550.206000,1.171000,1.673000,0.129000,3.799000,0.008000,0.077000,84.861000,0.014000,3.223000,1.356000,1.022000,25.998000,10.101000,4.477000,1.665000,3.646000,0.949000,0.024000,8.290000,5.122000,1.197000,7.019000,3.329000,6.183000,0.638000,7.440000,8.303000,60.608000,30.141000,1.260000,0.695000,2.016000,3.002000,0.417000,14.471000,13.292000,.,1852.226000,218.308000,.,.,218.308000,33.778000,7.587000,41.365000,.,.,.,.,.,259.673000,2111.899000
"2015","26 Computer, electronic and optical products",0.033000,0.046000,0.000000,.,.,.,.,.,15.388000,.,.,.,0.888000,0.014000,0.001000,1.641000,947.393000,149.504000,29.131000,3.919000,66.735000,.,62.363000,0.350000,0.001000,33.273000,57.637000,23.373000,11.616000,5.557000,0.735000,0.006000,0.070000,33.130000,0.082000,0.030000,40.396000,11.501000,156.732000,228.528000,57.179000,22.396000,73.775000,7.319000,0.000000,62.624000,414.226000,15.219000,44.688000,36.351000,31.733000,11.587000,0.432000,69.477000,15.171000,11.472000,101.953000,25.095000,16.201000,15.428000,0.263000,53.724000,28.147000,.,2994.533000,841.529000,.,.,841.529000,1299.253000,10.066000,1309.319000,154.817000,96.941000,57.875000,210.430000,365.247000,2516.095000,5510.628000
"2015","27 Electrical equipment",.,0.010000,.,.,.,0.058000,0.515000,.,.,.,.,.,2.480000,7.052000,1.512000,5.052000,84.595000,721.489000,168.016000,6.665000,31.609000,2.175000,210.283000,0.340000,0.006000,27.803000,490.347000,55.835000,3.494000,1.343000,.,.,.,1.171000,.,0.097000,1.898000,1.240000,.,14.296000,2.659000,2.161000,3.336000,0.214000,.,12.029000,7.180000,1.261000,10.092000,4.814000,8.680000,0.857000,.,35.227000,58.995000,31.237000,34.601000,18.439000,4.549000,7.538000,.,8.202000,0.543000,.,2091.992000,503.941000,.,.,503.941000,297.293000,-2.194000,295.099000,89.243000,59.366000,29.877000,157.936000,247.179000,1046.219000,3138.211000
"2015","28 Machinery and equipment n.e.c.",16.761000,.,.,2.875000,.,0.773000,0.883000,1.432000,0.057000,.,.,0.073000,3.912000,17.654000,33.300000,50.788000,10.078000,45.698000,2868.426000,200.985000,65.158000,1.211000,77.925000,0.997000,35.500000,0.291000,323.505000,.,0.038000,.,8.951000,.,.,36.447000,.,0.018000,15.105000,-0.305000,.,23.935000,.,.,.,.,.,.,.,.,.,.,1.074000,.,2.903000,.,.,-0.422000,.,.,.,.,.,.,.,.,3846.025000,253.322000,.,.,253.322000,1928.985000,5.063000,1934.048000,200.982000,137.408000,63.574000,223.700000,424.682000,2612.051000,6458.076000
"2015","29 Motor vehicles, trailers and semi-trailers",.,11.204000,.,.,.,.,.,.,.,.,.,.,7.440000,.,.,2.040000,.,3.546000,71.714000,330.253000,9.185000,.,2.377000,.,.,.,.,440.242000,.,.,122.003000,.,.,61.697000,0.115000,.,.,.,.,.,.,.,.,.,.,.,.,.,.,.,.,.,9.818000,.,.,.,.,.,.,.,.,.,.,.,1071.633000,1459.444000,.,.,1459.444000,1354.010000,28.174000,1382.184000,115.005000,99.189000,15.816000,21.533000,136.537000,2978.165000,4049.798000
"2015","30 Other transport equipment",.,.,.,.,.,.,.,.,.,.,.,.,.,.,.,.,.,.,.,.,18.058000,.,179.045000,.,.,.,.,3.934000,.,.,5.085000,0.512000,.,.,.,.,.,.,.,.,.,.,.,.,.,.,.,.,.,.,.,.,.,.,.,.,.,.,.,.,.,.,.,.,206.635000,196.490000,.,.,196.490000,370.620000,-0.728000,369.892000,384.632000,316.876000,67.756000,18.612000,403.243000,969.625000,1176.260000
"2015","31_32 Furniture: other manufactured goods",0.148000,0.187000,0.000000,.,0.054000,0.662000,0.117000,0.041000,0.016000,0.007000,0.023000,2.098000,0.030000,0.029000,0.007000,1.760000,10.637000,0.031000,0.095000,0.904000,2.960000,159.977000,17.996000,0.043000,1.492000,8.697000,29.766000,2.798000,3.087000,0.565000,0.137000,0.052000,0.011000,4.208000,0.228000,15.939000,3.507000,8.626000,0.036000,7.987000,15.808000,4.557000,10.493000,0.703000,0.097000,20.559000,9.885000,1.889000,13.704000,13.323000,12.656000,1.445000,0.014000,17.229000,20.203000,19.882000,228.148000,57.887000,11.485000,29.005000,1.853000,1.353000,6.085000,.,783.220000,870.395000,.,.,870.395000,105.088000,-11.302000,93.786000,10.245000,5.997000,4.248000,23.802000,34.047000,998.228000,1781.448000
"2015","33 Repair and installation services of machinery and equipment",.,.,.,1.048000,5.451000,0.279000,5.490000,2.732000,2.087000,12.629000,8.279000,0.638000,1.659000,2.357000,4.731000,2.063000,6.464000,4.525000,2.112000,0.474000,0.646000,1.495000,0.234000,6.511000,7.562000,16.061000,0.000000,.,35.412000,.,.,.,.,0.111000,.,0.001000,0.411000,0.006000,27.438000,.,.,.,.,.,.,.,0.058000,0.172000,.,0.049000,0.000000,0.010000,.,0.072000,13.479000,1.247000,9.906000,2.906000,0.004000,.,.,.,.,.,186.807000,.,.,.,.,.,.,.,.,.,.,.,.,.,186.807000
"2015","35 Electricity, gas, steam and air-conditioning",8.900000,1.286000,0.441000,9.166000,12.758000,0.996000,10.419000,60.209000,1.650000,3.013000,21.463000,0.530000,4.735000,5.867000,29.533000,4.320000,2.068000,1.481000,3.700000,0.485000,0.871000,0.982000,0.572000,19.968000,2.279000,2.493000,6.372000,3.897000,12.228000,31.288000,6.063000,0.573000,1.079000,4.275000,0.356000,11.390000,0.438000,0.207000,4.258000,2.013000,1.282000,1.484000,1.670000,35.818000,15.229000,0.841000,1.145000,0.958000,0.224000,0.137000,0.526000,0.107000,0.077000,3.026000,26.937000,10.891000,6.096000,9.908000,3.718000,9.067000,14.332000,.,1.499000,.,439.596000,103.953000,.,.,103.953000,.,.,.,86.779000,86.762000,0.017000,1.382000,88.161000,192.114000,631.710000
"2015","37_39 Sewerage: waste collection, treatment and disposal activities: materials recovery: remediation activities and other waste management services",.,0.000000,.,1.298000,0.028000,0.010000,4.252000,16.183000,0.008000,0.011000,3.632000,0.002000,2.418000,3.104000,814.233000,1.146000,0.038000,0.205000,0.346000,0.007000,0.005000,0.789000,0.177000,11.434000,.,30.580000,3.410000,0.021000,0.320000,0.118000,0.039000,0.006000,.,0.003000,.,0.235000,0.042000,0.005000,.,0.101000,0.015000,0.006000,0.028000,1.401000,0.634000,.,0.014000,0.000000,.,0.000000,0.008000,0.000000,0.003000,1.091000,0.209000,0.022000,0.071000,0.082000,0.013000,0.023000,0.072000,0.008000,0.049000,.,897.956000,0.010000,.,.,0.010000,.,0.143000,0.143000,.,.,.,.,.,0.153000,898.109000
"2015","41_43 Constructions and construction works",.,.,.,.,.,.,.,.,.,.,.,.,.,.,.,.,.,.,.,.,.,.,.,.,.,.,13.231000,.,.,.,.,.,.,.,.,.,.,.,.,.,.,.,.,.,.,.,.,.,.,.,.,.,.,.,.,.,.,.,.,.,.,.,.,.,13.231000,.,.,.,.,14.238000,.,14.238000,.,.,.,.,.,14.238000,27.469000
"2015","46 Wholesale trade services, except of motor vehicles and motorcycles",2.960000,3.307000,0.285000,.,4.806000,.,.,.,.,.,.,.,.,.,.,.,16.155000,.,.,.,.,.,.,.,.,1.424000,5.609000,28.434000,290.133000,144.893000,.,.,.,.,.,0.248000,.,.,.,540.527000,3.666000,4.823000,7.848000,2.673000,1.606000,0.063000,.,0.311000,.,.,.,0.026000,.,0.564000,7.455000,5.041000,2.256000,3.987000,65.718000,4.923000,19.681000,.,.,.,1169.422000,.,.,.,.,.,.,.,.,.,.,.,.,.,1169.422000
"2015","49 Land transport services and transport services via pipelines",0.428000,1.292000,0.053000,4.283000,28.680000,2.472000,23.947000,83.397000,2.430000,4.169000,18.821000,1.484000,5.562000,9.479000,13.144000,6.579000,7.858000,2.745000,16.851000,4.994000,0.445000,2.444000,0.640000,1.092000,0.554000,0.173000,19.819000,3.076000,57.864000,11.176000,90.968000,8.305000,0.065000,32.919000,15.430000,1.170000,8.109000,0.255000,1.010000,0.684000,1.648000,1.655000,1.570000,0.505000,0.131000,1.687000,1.070000,1.619000,0.357000,0.933000,2.256000,0.468000,0.038000,0.999000,57.549000,11.459000,9.636000,7.234000,1.971000,2.340000,3.897000,0.650000,14.408000,.,618.946000,69.648000,.,.,69.648000,.,.,.,.,.,.,.,.,69.648000,688.594000
"2015","50 Water transport services",.,0.021000,.,0.413000,0.419000,0.519000,4.177000,2.647000,0.147000,2.047000,2.258000,0.181000,0.765000,4.736000,9.760000,5.532000,4.545000,1.995000,7.857000,0.510000,0.295000,0.936000,0.414000,0.029000,.,0.138000,0.590000,10.296000,79.398000,24.913000,1.488000,178.195000,1.395000,3.284000,1.941000,6.864000,2.079000,0.211000,1.297000,1.475000,1.182000,0.021000,0.037000,0.078000,.,1.755000,0.678000,0.412000,1.378000,0.657000,0.010000,0.049000,7.957000,1.722000,8.995000,7.415000,11.104000,4.266000,0.529000,0.952000,0.946000,0.001000,0.070000,.,413.979000,69.588000,.,.,69.588000,.,.,.,.,.,.,.,.,69.588000,483.567000
"2015","51 Air transport services",1.968000,5.621000,0.518000,.,0.479000,0.014000,0.182000,0.349000,0.126000,0.028000,0.174000,0.340000,0.279000,0.205000,0.069000,0.355000,0.265000,0.380000,0.785000,0.041000,0.066000,0.114000,0.211000,0.164000,.,1.197000,16.532000,11.044000,75.887000,28.674000,50.617000,5.971000,52.323000,52.413000,13.421000,17.852000,9.683000,3.284000,8.724000,23.505000,14.329000,9.325000,19.010000,12.102000,1.711000,26.000000,17.021000,5.167000,5.192000,6.125000,1.243000,6.873000,96.229000,7.724000,71.531000,47.444000,45.132000,34.320000,12.072000,15.610000,34.831000,0.575000,2.090000,.,875.516000,195.188000,.,.,195.188000,.,.,.,.,.,.,.,.,195.188000,1070.704000
"2015","52 Warehousing and support services for transportation",.,.,.,0.328000,2.160000,0.182000,1.839000,6.095000,0.179000,0.328000,1.402000,0.105000,0.380000,0.761000,1.040000,0.529000,0.629000,0.218000,1.290000,0.371000,0.035000,0.192000,0.049000,0.001000,.,0.873000,.,0.809000,6.281000,0.717000,0.225000,217.106000,105.832000,248.005000,0.053000,0.000000,0.706000,0.032000,0.000000,0.000000,.,.,.,.,.,0.000000,0.000000,0.000000,.,0.000000,0.000000,0.000000,.,0.000000,.,.,0.018000,.,0.000000,.,.,0.000000,0.000000,.,598.773000,33.317000,.,.,33.317000,.,.,.,.,.,.,.,.,33.317000,632.090000
"2015","53 Postal and courier services",0.097000,0.124000,0.015000,0.353000,0.864000,0.148000,0.541000,0.640000,0.182000,0.256000,0.846000,0.059000,0.513000,0.375000,0.874000,1.020000,1.039000,0.674000,3.716000,0.222000,0.158000,0.259000,0.625000,0.796000,0.001000,0.083000,0.476000,0.341000,1.176000,0.828000,0.320000,0.368000,0.346000,0.053000,0.085000,0.298000,0.290000,0.153000,0.436000,0.334000,0.278000,0.732000,0.302000,0.848000,0.115000,0.767000,0.337000,0.089000,0.038000,0.167000,0.023000,0.249000,0.071000,0.346000,4.825000,1.575000,1.496000,1.394000,0.344000,0.516000,1.139000,0.038000,0.024000,.,35.700000,1.458000,.,.,1.458000,.,.,.,.,.,.,.,.,1.458000,37.159000
"2015","55_56 Accommodation and food services",0.197000,0.347000,0.033000,.,0.313000,0.009000,0.119000,0.229000,0.083000,0.019000,0.114000,0.223000,0.182000,0.135000,0.045000,0.232000,0.172000,0.245000,0.512000,0.026000,0.043000,0.074000,0.138000,0.107000,0.000000,0.198000,2.089000,1.793000,12.224000,3.862000,4.639000,1.168000,2.328000,2.513000,0.247000,2.197000,1.409000,1.079000,1.174000,2.145000,5.980000,1.696000,3.141000,1.364000,0.131000,2.451000,1.616000,0.863000,0.387000,1.260000,0.209000,0.924000,2.598000,1.536000,6.662000,7.453000,6.146000,4.854000,2.031000,2.052000,4.818000,0.151000,0.418000,.,101.403000,219.183000,.,.,219.183000,.,.,.,.,.,.,.,.,219.183000,320.586000
"2015","58 Publishing services",0.002000,0.006000,0.000000,.,1.820000,0.000000,0.003000,1.699000,0.002000,0.285000,0.003000,0.005000,0.004000,0.003000,0.441000,0.005000,0.868000,0.300000,1.600000,0.001000,0.001000,0.002000,0.185000,1.027000,0.001000,0.363000,0.132000,0.352000,4.564000,0.273000,0.201000,0.088000,0.033000,2.214000,0.189000,0.914000,4.235000,1.526000,0.399000,3.783000,2.954000,2.627000,4.182000,0.189000,0.001000,1.724000,0.868000,0.568000,3.013000,0.159000,0.015000,0.252000,1.246000,0.475000,9.416000,6.660000,0.805000,4.281000,4.321000,3.484000,5.279000,0.000000,0.016000,.,80.066000,33.386000,.,.,33.386000,22.927000,-0.586000,22.341000,.,.,.,.,.,55.728000,135.794000
"2015","59_60 Motion picture, video and television programme production services, sound recording and music publishing: programming and broadcasting services",.,0.001000,.,.,0.031000,0.002000,0.017000,0.074000,0.271000,0.005000,0.017000,0.007000,0.015000,0.021000,0.023000,0.034000,0.017000,0.030000,0.084000,.,0.004000,0.010000,0.015000,.,.,0.029000,0.007000,0.020000,0.177000,0.252000,0.117000,0.009000,0.021000,0.010000,0.006000,6.560000,6.220000,87.258000,0.009000,15.018000,0.075000,.,.,0.110000,.,0.074000,0.050000,0.138000,7.916000,0.073000,0.003000,0.041000,0.013000,0.062000,2.977000,3.674000,0.888000,6.203000,38.621000,23.098000,6.069000,0.001000,0.067000,.,206.543000,106.320000,.,.,106.320000,29.355000,-0.583000,28.772000,.,.,.,.,.,135.092000,341.636000
"2015","61 Telecommunications services",0.355000,0.491000,0.039000,0.893000,3.326000,0.263000,1.178000,1.309000,0.483000,0.656000,0.950000,0.146000,1.132000,0.794000,2.324000,2.444000,2.117000,1.436000,6.468000,0.423000,0.346000,0.548000,1.554000,7.109000,0.000000,0.307000,4.410000,1.340000,7.969000,10.197000,3.595000,1.084000,1.492000,0.729000,0.087000,8.707000,6.988000,17.658000,1.923000,15.117000,4.196000,8.263000,13.856000,5.383000,2.813000,6.267000,2.773000,0.982000,0.442000,2.807000,0.701000,4.185000,0.602000,11.094000,36.433000,14.677000,9.210000,16.393000,3.660000,5.825000,15.577000,0.103000,0.072000,.,284.703000,151.520000,.,.,151.520000,.,.,.,.,.,.,.,.,151.520000,436.223000
"2015","62_63 Computer programming, consultancy and related services: information services",1.008000,0.041000,0.001000,3.317000,18.401000,1.834000,8.307000,26.613000,2.173000,6.708000,9.416000,4.193000,3.839000,8.826000,11.490000,8.322000,38.996000,8.864000,47.471000,1.910000,3.449000,2.499000,10.324000,13.388000,0.526000,2.175000,0.320000,0.026000,1.538000,7.396000,9.172000,0.401000,0.144000,5.157000,10.550000,0.045000,21.966000,7.606000,5.192000,25.198000,58.516000,19.398000,9.217000,0.060000,0.008000,3.738000,10.864000,19.482000,0.008000,2.090000,2.047000,6.572000,4.202000,2.223000,73.668000,27.131000,9.102000,10.012000,6.390000,4.939000,0.063000,0.001000,5.669000,.,614.197000,.,.,.,.,1713.935000,.,1713.935000,.,.,.,.,.,1713.935000,2328.132000
"2015","64 Financial services, except insurance and pension funding",5.750000,5.434000,0.107000,4.032000,8.777000,1.385000,4.060000,9.028000,1.070000,1.555000,4.174000,0.688000,3.171000,3.571000,7.724000,9.124000,6.969000,4.408000,14.844000,1.668000,1.146000,1.871000,6.333000,22.580000,0.888000,1.735000,12.923000,2.230000,13.077000,63.526000,5.893000,2.591000,2.075000,6.303000,3.032000,16.565000,3.264000,1.292000,3.804000,9.613000,60.209000,51.967000,10.774000,88.177000,122.534000,11.914000,16.552000,1.268000,0.897000,0.756000,2.669000,0.913000,0.502000,5.255000,37.193000,22.506000,23.249000,16.980000,2.675000,6.376000,8.627000,0.166000,0.358000,.,770.794000,485.224000,.,.,485.224000,.,.,.,.,.,.,.,.,485.224000,1256.019000
"2015","65 Insurance, reinsurance and pension funding services, except compulsory social security",-0.002000,0.000000,0.000000,-0.001000,0.000000,0.000000,0.000000,0.000000,0.000000,0.000000,0.000000,0.000000,0.000000,0.000000,-0.001000,-0.001000,-0.001000,-0.002000,-0.005000,0.000000,0.000000,0.000000,-0.002000,-0.001000,0.000000,0.000000,-0.003000,0.000000,-0.001000,0.000000,0.000000,-0.002000,0.000000,0.000000,0.000000,0.000000,0.000000,0.000000,-0.001000,0.000000,-0.001000,0.000000,-0.001000,-0.004000,-0.009000,-0.001000,0.000000,0.000000,0.000000,0.000000,0.000000,0.000000,0.000000,0.000000,-0.002000,-0.001000,0.004000,-0.001000,0.000000,0.000000,-0.001000,0.000000,0.000000,.,-0.046000,69.053000,.,.,69.053000,.,.,.,.,.,.,.,.,69.053000,69.007000
"2015","66 Services auxiliary to financial services and insurance services",.,.,.,.,.,.,.,.,.,.,.,.,.,.,.,.,.,.,.,.,.,.,.,.,.,.,.,.,.,.,.,.,.,.,.,.,.,.,.,.,.,.,.,.,.,.,.,.,.,.,.,.,.,.,.,.,.,.,.,.,.,.,.,.,.,.,.,.,.,.,.,.,.,.,.,.,.,.,.
"2015","68 Real estate services",0.000000,0.002000,0.000000,0.003000,0.024000,0.003000,0.004000,0.006000,0.007000,0.001000,0.005000,0.001000,0.006000,0.006000,0.003000,0.025000,0.013000,0.005000,0.019000,0.002000,0.004000,0.008000,0.011000,0.012000,0.002000,0.009000,0.027000,0.046000,0.153000,0.312000,0.023000,0.007000,0.030000,0.049000,0.012000,0.134000,0.009000,0.015000,0.016000,0.032000,0.021000,0.024000,0.008000,0.046000,0.001000,0.024000,0.044000,0.025000,0.005000,0.006000,0.010000,0.007000,0.002000,0.019000,0.182000,0.081000,0.078000,0.069000,0.031000,0.024000,0.018000,0.002000,0.023000,.,1.795000,.,.,.,.,.,.,.,.,.,.,.,.,.,1.795000
"2015","69_70 Legal and accounting services: services of head offices: management consulting services",0.503000,3.952000,0.447000,12.439000,94.293000,6.823000,27.887000,96.881000,7.991000,4.058000,42.003000,8.320000,23.663000,16.055000,56.576000,39.926000,153.870000,22.787000,135.808000,8.781000,7.662000,11.191000,20.610000,75.112000,0.042000,3.428000,44.421000,72.395000,360.165000,349.608000,29.876000,35.873000,50.858000,63.346000,14.226000,71.582000,82.562000,8.132000,42.860000,102.375000,21.665000,21.401000,21.314000,63.889000,8.303000,283.116000,55.469000,4.425000,22.156000,15.551000,9.278000,14.034000,5.928000,52.365000,92.304000,9.767000,22.563000,16.342000,11.259000,13.711000,22.941000,0.901000,1.143000,.,2999.212000,2.005000,.,.,2.005000,.,.,.,.,.,.,.,.,2.005000,3001.217000
"2015","71 Architectural and engineering services: technical testing and analysis services",.,.,.,2.116000,5.663000,0.223000,0.927000,0.481000,0.258000,0.277000,5.843000,9.928000,1.229000,5.717000,0.764000,48.874000,13.733000,5.314000,131.536000,3.039000,59.953000,0.995000,17.643000,14.373000,0.526000,21.987000,19.895000,1.072000,5.163000,3.125000,4.501000,1.603000,1.135000,1.482000,1.414000,4.803000,3.505000,1.266000,2.811000,18.313000,.,.,.,15.485000,.,1.243000,131.337000,4.084000,6.454000,9.697000,2.498000,2.199000,2.073000,4.595000,2.919000,2.834000,0.562000,0.000000,2.794000,0.657000,.,.,.,.,610.918000,.,.,.,.,161.808000,.,161.808000,.,.,.,.,.,161.808000,772.726000
"2015","72 Scientific research and development services",.,.,.,0.000000,0.000000,0.000000,0.000000,20.209000,.,0.000000,-1.045000,28.246000,-0.965000,-1.946000,-0.907000,-1.900000,1460.863000,38.157000,-36.392000,-5.644000,-1.765000,-0.897000,-3.277000,0.000000,0.000000,0.000000,0.000000,.,-5.929000,-0.995000,.,.,.,0.000000,-1.008000,0.000000,-6.058000,.,-1.826000,72.557000,.,.,.,0.196000,.,-1.909000,-8.672000,9.800000,0.999000,.,.,.,.,-3.917000,.,0.000000,-1.103000,.,.,.,.,.,.,.,1544.873000,.,.,.,.,286.517000,.,286.517000,.,.,.,.,.,286.517000,1831.391000
"2015","73 Advertising and market research services",0.281000,0.355000,0.040000,2.226000,114.524000,8.436000,10.783000,26.130000,0.037000,1.159000,18.234000,26.395000,11.788000,15.404000,3.613000,13.592000,133.972000,14.452000,23.446000,1.406000,1.486000,14.313000,0.978000,13.062000,0.004000,1.814000,5.831000,76.654000,123.492000,162.768000,9.644000,14.407000,14.134000,2.867000,3.167000,41.732000,0.550000,5.351000,1.084000,113.674000,16.746000,1.858000,1.381000,21.086000,0.252000,8.144000,6.779000,1.382000,22.138000,3.266000,4.395000,1.399000,7.530000,36.204000,10.819000,6.447000,15.838000,1.889000,3.547000,6.444000,2.066000,0.621000,0.975000,.,1214.492000,.,.,.,.,.,.,.,.,.,.,.,.,.,1214.492000
"2015","74_75 Other professional, scientific and technical services: veterinary services",0.002000,0.002000,0.000000,.,0.000000,0.000000,0.000000,0.000000,0.000000,0.000000,0.000000,0.000000,0.000000,0.002000,0.000000,0.000000,0.053000,0.000000,0.001000,.,0.007000,0.000000,0.000000,0.009000,0.000000,0.001000,0.006000,0.009000,0.032000,0.040000,0.004000,0.006000,0.007000,0.000000,0.007000,0.009000,0.020000,0.013000,0.006000,0.072000,0.007000,0.006000,0.006000,0.008000,0.001000,0.018000,0.009000,0.001000,0.067000,0.052000,0.005000,0.014000,0.001000,0.021000,0.057000,0.004000,0.002000,0.003000,0.020000,0.014000,0.026000,0.000000,0.001000,.,0.653000,0.193000,.,.,0.193000,.,.,.,.,.,.,.,.,0.193000,0.846000
"2015","77 Rental and leasing services",0.753000,0.976000,0.107000,2.663000,10.103000,2.081000,1.570000,5.773000,2.393000,2.339000,29.727000,7.486000,5.668000,6.330000,10.815000,5.342000,135.606000,22.566000,51.537000,2.676000,1.184000,3.105000,0.776000,25.341000,.,5.725000,5.028000,0.959000,132.934000,169.122000,9.183000,34.158000,8.791000,10.473000,6.882000,4.032000,41.504000,27.416000,6.769000,92.181000,5.233000,5.387000,4.741000,2.235000,0.732000,111.371000,4.665000,7.151000,5.747000,9.353000,32.283000,1.962000,0.017000,39.503000,53.365000,23.421000,11.108000,8.861000,24.169000,18.508000,6.944000,0.025000,0.015000,.,1268.866000,1.760000,.,.,1.760000,.,.,.,.,.,.,.,.,1.760000,1270.626000
"2015","78 Employment services",0.045000,0.031000,0.003000,0.019000,0.501000,0.021000,0.115000,1.601000,0.038000,2.217000,0.075000,0.122000,0.252000,0.215000,0.980000,2.737000,1.034000,0.648000,2.287000,0.274000,1.070000,0.167000,0.370000,1.173000,.,0.754000,0.066000,0.026000,1.225000,1.473000,0.008000,0.490000,0.002000,1.095000,0.094000,1.271000,0.576000,0.005000,0.208000,1.122000,0.143000,0.162000,0.137000,0.051000,0.022000,0.843000,0.744000,0.097000,0.013000,0.009000,0.060000,2.083000,0.038000,0.451000,5.845000,0.161000,3.549000,2.737000,0.181000,0.067000,0.181000,0.104000,0.055000,.,42.144000,.,.,.,.,.,.,.,.,.,.,.,.,.,42.144000
"2015","79 Travel agency, tour operator and other reservation services and related services",0.047000,0.168000,0.015000,.,.,.,.,.,.,.,.,.,.,.,.,.,.,.,.,.,.,.,.,.,.,0.103000,0.471000,0.081000,0.106000,0.104000,0.431000,0.028000,0.157000,0.048000,0.085000,0.172000,0.182000,0.082000,0.235000,0.268000,4.514000,0.311000,0.509000,0.226000,0.057000,0.626000,0.841000,1.703000,0.012000,0.124000,0.023000,0.197000,8.296000,0.271000,12.439000,4.351000,3.133000,2.943000,0.752000,1.196000,1.758000,0.011000,0.034000,.,47.110000,387.952000,.,.,387.952000,.,.,.,.,.,.,.,.,387.952000,435.062000
"2015","80_82 Security and investigation services: services to buildings and landscape: office administrative, office support and other business support services",0.000000,0.032000,0.003000,0.000000,0.808000,0.081000,0.369000,0.421000,0.106000,0.073000,0.419000,0.553000,0.410000,0.337000,0.073000,0.708000,0.529000,0.467000,1.150000,0.021000,0.082000,0.203000,0.341000,0.122000,0.000000,0.058000,0.418000,0.576000,1.507000,-2.023000,0.297000,0.106000,0.080000,0.236000,0.071000,0.245000,0.095000,0.107000,0.214000,0.875000,0.580000,0.160000,0.150000,0.942000,0.061000,0.592000,0.517000,0.103000,0.241000,0.560000,0.221000,0.555000,0.131000,2.178000,0.673000,0.191000,0.273000,0.084000,0.293000,0.245000,0.178000,0.005000,0.341000,.,19.447000,0.474000,.,.,0.474000,.,.,.,.,.,.,.,.,0.474000,19.921000
"2015","84 Public administration and defence services: compulsory social security services",0.126000,0.303000,0.012000,0.375000,1.186000,0.179000,0.601000,0.980000,0.258000,0.133000,0.682000,0.105000,0.524000,0.411000,0.955000,1.209000,1.069000,0.619000,3.480000,0.174000,0.123000,0.270000,0.557000,0.760000,0.001000,0.138000,1.116000,0.241000,1.524000,0.857000,0.866000,0.268000,0.372000,0.090000,0.057000,0.217000,0.503000,0.174000,0.512000,0.785000,1.267000,0.453000,0.359000,1.042000,0.973000,1.149000,0.597000,0.048000,0.040000,0.162000,0.052000,0.218000,0.068000,0.646000,1.100000,0.491000,0.990000,1.297000,0.293000,0.477000,1.216000,0.025000,0.016000,.,35.790000,0.083000,.,0.242000,0.325000,.,.,.,.,.,.,.,.,0.325000,36.114000
"2015","85 Education services",0.013000,0.018000,0.001000,0.047000,0.168000,0.007000,0.028000,0.014000,0.008000,0.008000,0.198000,0.382000,0.051000,0.174000,0.034000,0.142000,0.507000,0.374000,1.006000,0.075000,0.032000,0.037000,0.035000,0.352000,.,0.005000,0.073000,0.045000,0.209000,0.421000,0.067000,0.064000,0.013000,0.065000,0.017000,0.110000,0.205000,0.033000,0.086000,0.470000,0.072000,0.111000,0.136000,0.111000,0.067000,0.360000,0.673000,0.638000,0.055000,0.036000,0.009000,0.018000,0.007000,0.046000,2.995000,3.334000,1.041000,1.389000,0.294000,0.557000,1.560000,0.001000,0.006000,.,19.112000,2.016000,.,0.088000,2.104000,.,.,.,.,.,.,.,.,2.104000,21.215000
"2015","86 Human health services",.,0.001000,.,.,.,.,.,.,.,.,.,.,.,.,.,.,.,.,.,.,.,.,.,.,.,0.002000,0.001000,.,0.078000,0.006000,0.090000,0.019000,0.013000,0.015000,0.012000,.,0.033000,.,0.016000,0.081000,0.039000,0.015000,0.033000,.,.,.,0.012000,0.019000,0.000000,0.005000,.,0.005000,0.002000,0.003000,0.231000,0.352000,2.163000,0.000000,0.013000,0.017000,.,.,.,.,3.275000,3.138000,.,2.141000,5.278000,.,.,.,.,.,.,.,.,5.278000,8.553000
"2015","90_92 Creative, arts and entertainment services: library, archive, museum and other cultural services: gambling and betting services",.,0.009000,0.001000,.,.,.,.,.,.,.,.,.,.,.,.,.,.,.,.,.,.,.,.,.,.,0.001000,0.022000,0.002000,0.007000,0.004000,0.006000,0.656000,0.002000,0.001000,0.002000,0.086000,0.003000,0.142000,0.004000,0.007000,0.002000,0.001000,0.022000,0.001000,.,0.007000,0.007000,0.010000,0.000000,0.001000,0.000000,0.002000,0.002000,0.003000,0.265000,0.781000,0.083000,0.331000,0.407000,0.182000,0.002000,0.000000,0.000000,.,3.063000,164.492000,.,0.066000,164.558000,2.727000,2.399000,5.126000,.,.,.,.,.,169.684000,172.748000
"2015","93 Sporting services and amusement and recreation services",0.091000,0.297000,0.027000,.,.,.,.,.,.,.,.,.,.,.,.,.,.,.,.,.,.,.,.,.,.,0.090000,1.325000,0.257000,2.094000,0.813000,1.128000,0.117000,0.298000,0.073000,0.536000,0.618000,0.342000,0.095000,0.544000,0.836000,1.054000,0.768000,0.773000,1.017000,0.094000,0.919000,0.611000,0.088000,0.025000,0.125000,0.037000,0.167000,0.097000,0.397000,1.123000,3.172000,0.428000,0.422000,0.480000,1.933000,1.243000,0.024000,0.044000,.,24.623000,2.513000,.,.,2.513000,.,.,.,.,.,.,.,.,2.513000,27.136000
"2015","96 Other personal services",.,.,.,.,.,.,.,.,.,.,.,.,.,.,.,.,.,.,.,.,.,.,.,.,.,.,.,.,.,.,.,.,.,.,.,.,.,.,.,.,.,.,.,.,.,.,.,.,.,.,.,.,.,.,.,.,0.000000,0.000000,0.000000,0.000000,.,.,.,.,0.000000,0.002000,.,.,0.002000,.,.,.,.,.,.,.,.,0.002000,0.002000
"2015","Products total",446.320000,113.133000,5.121000,173.507000,1791.988000,412.683000,431.267000,2149.693000,150.665000,4122.956000,3123.141000,215.024000,1108.553000,483.080000,3157.593000,1268.720000,3098.906000,1463.220000,4183.840000,635.580000,436.491000,415.316000,649.646000,1108.124000,55.472000,314.538000,2769.365000,800.750000,1324.918000,1053.303000,607.415000,722.446000,581.706000,785.479000,76.378000,680.210000,352.394000,216.674000,311.257000,1399.676000,306.791000,187.852000,211.922000,379.748000,195.462000,618.986000,739.043000,91.863000,198.696000,167.729000,263.382000,62.503000,168.889000,407.183000,873.162000,399.329000,1452.409000,382.572000,243.944000,210.760000,209.347000,95.029000,167.493000,.,51230.643000,12653.337000,.,647.953000,13301.291000,7629.205000,148.776000,7777.981000,1391.592000,1022.973000,368.619000,1253.739000,2645.331000,23724.603000,74955.245000
"2015","PUR/S2 Direct purchases abroad by residents",.,.,.,.,.,.,.,.,.,.,.,.,.,.,.,.,.,.,.,.,.,.,.,.,.,.,.,.,.,.,.,.,.,.,.,.,.,.,.,.,.,.,.,.,.,.,.,.,.,.,.,.,.,.,.,.,.,.,.,.,.,.,.,.,.,3158.000000,.,.,3158.000000,.,.,.,.,.,.,.,.,3158.000000,3158.000000
"2015","P7_USE Total use of imported products",446.320000,113.133000,5.121000,173.507000,1791.988000,412.683000,431.267000,2149.693000,150.665000,4122.956000,3123.141000,215.024000,1108.553000,483.080000,3157.593000,1268.720000,3098.906000,1463.220000,4183.840000,635.580000,436.491000,415.316000,649.646000,1108.124000,55.472000,314.538000,2769.365000,800.750000,1324.918000,1053.303000,607.415000,722.446000,581.706000,785.479000,76.378000,680.210000,352.394000,216.674000,311.257000,1399.676000,306.791000,187.852000,211.922000,379.748000,195.462000,618.986000,739.043000,91.863000,198.696000,167.729000,263.382000,62.503000,168.889000,407.183000,873.162000,399.329000,1452.409000,382.572000,243.944000,210.760000,209.347000,95.029000,167.493000,.,51230.643000,15811.337000,.,647.953000,16459.291000,7629.205000,148.776000,7777.981000,1391.592000,1022.973000,368.619000,1253.739000,2645.331000,26882.603000,78113.245000
